login,full_name,created_at,stargazers_count,watchers_count,language,has_projects,has_wiki,license_name
nicknochnack,nicknochnack/ActionDetectionforSignLanguage,2021-06-16T09:12:01Z,407,407,Jupyter Notebook,True,True,
nicknochnack,nicknochnack/AdvancedHandPoseWithMediaPipe,2021-04-25T00:13:57Z,37,37,Jupyter Notebook,True,True,
nicknochnack,nicknochnack/ANPRwithPython,2020-12-13T04:39:49Z,106,106,Jupyter Notebook,True,True,
nicknochnack,nicknochnack/AutoStreamlit,2022-10-25T21:25:41Z,72,72,Jupyter Notebook,True,True,
nicknochnack,nicknochnack/beeagent,2024-09-19T08:05:08Z,8,8,TypeScript,True,True,
nicknochnack,nicknochnack/BERTSentiment,2021-05-27T00:46:57Z,62,62,Jupyter Notebook,True,True,
nicknochnack,nicknochnack/BinanceEDA,2021-06-10T01:10:15Z,39,39,Jupyter Notebook,True,True,
nicknochnack,nicknochnack/Blenderbot,2021-10-16T23:24:49Z,5,5,Jupyter Notebook,True,True,
nicknochnack,nicknochnack/Body-Language-Decoder,2021-04-19T00:54:25Z,100,100,Jupyter Notebook,True,True,
nicknochnack,nicknochnack/BodyPixBackgroundRemoval,2021-05-13T00:06:34Z,25,25,Jupyter Notebook,True,True,
nicknochnack,nicknochnack/BudgetBot,2020-09-17T13:05:01Z,1,1,,True,True,
nicknochnack,nicknochnack/CFN2.0,2024-07-26T00:55:29Z,4,4,JavaScript,True,True,
nicknochnack,nicknochnack/ChatGPTAPI,2023-03-07T03:36:29Z,59,59,Python,True,True,
nicknochnack,nicknochnack/ChatGPTWatson,2023-03-09T04:31:09Z,8,8,,True,True,
nicknochnack,nicknochnack/Cloud-Pak-For-Data-Data-to-Deployment,2021-01-15T00:35:19Z,5,5,Jupyter Notebook,True,True,
nicknochnack,nicknochnack/CNNLayers,2022-05-29T02:30:51Z,17,17,Jupyter Notebook,True,True,
nicknochnack,nicknochnack/Code-That-ReactStableDiffusion,2022-11-04T10:42:52Z,96,96,JavaScript,True,True,
nicknochnack,nicknochnack/CodeThat-FastML,2022-08-11T23:39:21Z,16,16,Python,True,True,
nicknochnack,nicknochnack/CodeTHat-MiDaS,2023-01-06T00:56:24Z,17,17,Python,True,True,
nicknochnack,nicknochnack/CodeThatObjectDetection,2022-10-07T04:05:14Z,10,10,Python,True,True,
nicknochnack,nicknochnack/CognosAnalyticsPython,2019-10-31T06:49:05Z,2,2,Jupyter Notebook,True,True,
nicknochnack,nicknochnack/ColumnTransformerPractice,2022-07-25T08:30:28Z,5,5,Jupyter Notebook,True,True,
nicknochnack,nicknochnack/CommentToxicity,2022-04-28T07:14:55Z,44,44,Jupyter Notebook,True,True,
nicknochnack,nicknochnack/CrewAIPropertyBot,2024-04-11T04:23:33Z,40,40,Python,True,True,
nicknochnack,nicknochnack/CubewiseConferenceMerchDecisionOptimization,2019-08-21T05:34:29Z,0,0,Jupyter Notebook,True,True,
nicknochnack,nicknochnack/CubewiseConferenceMerchOptimization,2019-08-21T05:14:42Z,0,0,Jupyter Notebook,True,True,
nicknochnack,nicknochnack/CustomGestureRecognition,2020-12-10T05:56:07Z,10,10,JavaScript,True,True,
nicknochnack,nicknochnack/CustomObjectDetectionReactJSTensorflow,2020-11-17T22:21:02Z,13,13,JavaScript,True,True,
nicknochnack,nicknochnack/DataFrameAgentWatsonx,2024-10-04T03:37:19Z,6,6,Python,True,True,
nicknochnack,nicknochnack/DataScienceCheatsheet,2021-03-07T01:29:02Z,137,137,,True,True,
nicknochnack,nicknochnack/dataset,2024-07-30T22:25:30Z,3,3,,True,True,
nicknochnack,nicknochnack/deep-learning-coursera,2020-07-11T05:03:38Z,16,16,,True,True,mit
nicknochnack,nicknochnack/DeepAudioClassification,2022-02-28T21:31:16Z,101,101,Jupyter Notebook,True,True,
nicknochnack,nicknochnack/DeployableComputerVisionApp,2020-11-29T02:13:48Z,4,4,JavaScript,True,True,
nicknochnack,nicknochnack/DeployingMachineLearningModels,2020-12-19T12:24:36Z,19,19,Jupyter Notebook,True,True,
nicknochnack,nicknochnack/devconnector_2.0,2024-06-11T22:52:54Z,2,2,,True,True,
nicknochnack,nicknochnack/DinoAI,2022-06-13T01:20:33Z,43,43,Jupyter Notebook,True,True,
nicknochnack,nicknochnack/DiscoveryLegalStreamlit,2022-11-04T02:31:52Z,5,5,Python,True,True,
nicknochnack,nicknochnack/DoomReinforcementLearning,2022-01-18T07:33:51Z,34,34,Jupyter Notebook,True,True,
nicknochnack,nicknochnack/DreamBoothPhotos,2022-11-04T22:05:35Z,5,5,,True,True,
nicknochnack,nicknochnack/DrugLabelExtraction-,2021-08-22T02:18:52Z,20,20,Jupyter Notebook,True,True,
nicknochnack,nicknochnack/EasyOCR,2020-11-07T00:37:30Z,40,40,Jupyter Notebook,True,True,
nicknochnack,nicknochnack/ExcelSalesForecast,2020-05-27T23:13:41Z,5,5,,True,True,
nicknochnack,nicknochnack/FaceDetection,2022-05-04T23:20:55Z,158,158,Jupyter Notebook,True,True,
nicknochnack,nicknochnack/FaceIDApp,2021-10-22T06:01:20Z,50,50,Python,True,True,
nicknochnack,nicknochnack/FaceMaskObjectDetection,2020-08-13T12:05:20Z,18,18,Jupyter Notebook,True,True,
nicknochnack,nicknochnack/FaceRecognition,2021-09-09T00:24:53Z,138,138,Jupyter Notebook,True,True,
nicknochnack,nicknochnack/FacialLandmarkDetection,2020-09-20T08:59:22Z,115,115,JavaScript,True,True,
nicknochnack,nicknochnack/FakeServer,2024-03-21T18:11:15Z,48,48,Python,True,True,
nicknochnack,nicknochnack/Falcon180b,2023-10-07T03:24:25Z,12,12,Jupyter Notebook,True,True,
nicknochnack,nicknochnack/Falcon40B,2023-07-05T13:23:13Z,46,46,Jupyter Notebook,True,True,
nicknochnack,nicknochnack/Forecasting-Weather-with-Neural-Prophet,2021-01-13T22:04:36Z,32,32,Jupyter Notebook,True,True,
nicknochnack,nicknochnack/ForzaML,2022-08-30T07:15:20Z,15,15,Jupyter Notebook,True,True,
nicknochnack,nicknochnack/Full-Body-Estimation-using-Media-Pipe-Holistic,2021-03-28T02:27:00Z,85,85,Jupyter Notebook,True,True,
nicknochnack,nicknochnack/FullStackWatsonx,2023-10-12T21:34:53Z,22,22,Python,True,True,
nicknochnack,nicknochnack/GameCapture,2022-01-31T21:16:12Z,1,1,Python,True,True,
nicknochnack,nicknochnack/GameObjectDetection,2022-03-05T21:05:57Z,18,18,Jupyter Notebook,True,True,
nicknochnack,nicknochnack/GANBasics,2022-06-09T02:39:15Z,58,58,Jupyter Notebook,True,True,
nicknochnack,nicknochnack/GenerateTFRecord,2021-03-23T06:52:09Z,16,16,Python,True,True,
nicknochnack,nicknochnack/Generating-Blog-Posts-with-GPT-2-Large,2021-02-03T09:19:18Z,31,31,Jupyter Notebook,True,True,
nicknochnack,nicknochnack/GestureRecognition,2020-10-09T08:21:25Z,96,96,JavaScript,True,True,
nicknochnack,nicknochnack/GPTNeo,2021-04-28T22:50:47Z,59,59,Jupyter Notebook,True,True,
nicknochnack,nicknochnack/GradientDescent,2022-08-18T01:00:04Z,7,7,Python,True,True,
nicknochnack,nicknochnack/GradioxTransformersTranslation,2021-07-14T23:24:14Z,13,13,Jupyter Notebook,True,True,
nicknochnack,nicknochnack/GramformerApp,2021-06-24T01:52:48Z,18,18,Jupyter Notebook,True,True,
nicknochnack,nicknochnack/HandPoseDetection,2020-09-27T08:59:30Z,35,35,JavaScript,True,True,
nicknochnack,nicknochnack/Hugging-Face-Transformers-Summarization,2021-01-23T21:28:19Z,25,25,Jupyter Notebook,True,True,
nicknochnack,nicknochnack/IBM-Generative-AI-Reflex-App,2023-08-25T03:27:11Z,28,28,Python,True,True,
nicknochnack,nicknochnack/IBMGenStarterKit,2023-06-23T22:35:07Z,14,14,Python,True,True,
nicknochnack,nicknochnack/Image-Augmentation,2021-10-26T01:22:55Z,18,18,Jupyter Notebook,True,True,
nicknochnack,nicknochnack/ImageClassification,2022-04-20T21:08:06Z,398,398,Jupyter Notebook,True,True,
nicknochnack,nicknochnack/ImagePatches,2023-02-01T06:04:53Z,5,5,Jupyter Notebook,True,True,
nicknochnack,nicknochnack/ImbalancedData,2022-08-21T22:10:35Z,2,2,Jupyter Notebook,True,True,
nicknochnack,nicknochnack/imitation,2022-03-15T22:49:12Z,1,1,,True,True,mit
nicknochnack,nicknochnack/IrisDetection,2022-05-11T11:18:50Z,32,32,Jupyter Notebook,True,True,
nicknochnack,nicknochnack/jlite,2024-09-27T23:36:49Z,1,1,Jupyter Notebook,True,True,
nicknochnack,nicknochnack/KerasRL-OpenAI-Atari-SpaceInvadersv0,2020-12-30T03:18:23Z,23,23,Jupyter Notebook,True,True,
nicknochnack,nicknochnack/langchain,2023-09-28T01:24:09Z,11,11,Python,True,True,mit
nicknochnack,nicknochnack/Langchain-Crash-Course,2023-04-24T05:41:09Z,235,235,Python,True,True,
nicknochnack,nicknochnack/LangchainDocuments,2023-05-13T00:05:24Z,251,251,Python,True,True,
nicknochnack,nicknochnack/LangChainLiveStream,2023-04-19T07:02:56Z,14,14,Jupyter Notebook,True,True,
nicknochnack,nicknochnack/LanguageTranslationandIdentification,2020-08-23T01:33:13Z,6,6,Jupyter Notebook,True,True,
nicknochnack,nicknochnack/LinearProgrammingBasics,2020-09-29T22:55:19Z,17,17,Jupyter Notebook,True,True,
nicknochnack,nicknochnack/LipNet,2023-01-19T21:43:41Z,168,168,Jupyter Notebook,True,True,
nicknochnack,nicknochnack/Llama2RAG,2023-08-18T00:18:33Z,359,359,Jupyter Notebook,True,True,
nicknochnack,nicknochnack/Longform-Summarization-with-Hugging-Face,2021-02-03T09:09:09Z,27,27,Jupyter Notebook,True,True,
nicknochnack,nicknochnack/LongSpeechTranscription,2020-09-24T08:11:47Z,11,11,Jupyter Notebook,True,True,
nicknochnack,nicknochnack/machine-learning-by-industry,2019-11-04T21:56:39Z,190,190,,True,True,
nicknochnack,nicknochnack/MagicCommands,2023-02-08T22:57:13Z,4,4,Jupyter Notebook,True,True,
nicknochnack,nicknochnack/MarioRL,2021-12-22T01:38:47Z,66,66,Jupyter Notebook,True,True,
nicknochnack,nicknochnack/MarkdownTemplate,2022-11-09T23:37:41Z,4,4,,True,True,
nicknochnack,nicknochnack/MediaPipeHandPose,2021-04-21T07:22:45Z,42,42,Jupyter Notebook,True,True,
nicknochnack,nicknochnack/MediaPipePoseEstimation,2021-04-14T00:28:13Z,197,197,Jupyter Notebook,True,True,
nicknochnack,nicknochnack/MemoryPath,2021-05-16T00:56:33Z,8,8,Jupyter Notebook,True,True,
nicknochnack,nicknochnack/mlapp,2022-09-08T05:21:35Z,70,70,Python,True,True,
nicknochnack,nicknochnack/MLCrashCourse,2020-01-22T23:28:48Z,23,23,Jupyter Notebook,True,True,
nicknochnack,nicknochnack/MLTradingBot,2024-01-19T05:22:40Z,788,788,HTML,True,True,
nicknochnack,nicknochnack/MoveNetLightning,2021-07-08T01:01:58Z,54,54,Jupyter Notebook,True,True,
nicknochnack,nicknochnack/MultiPoseMovenetLightning,2021-08-29T02:20:44Z,45,45,Jupyter Notebook,True,True,
nicknochnack,nicknochnack/MultiStoreProductForecasting-with-Prophet,2021-07-12T20:44:33Z,19,19,Jupyter Notebook,True,True,
nicknochnack,nicknochnack/NextGenGeekAIThon,2024-07-23T04:30:11Z,3,3,,True,True,
nicknochnack,nicknochnack/Nopenai,2023-05-29T01:27:24Z,128,128,Python,True,True,
nicknochnack,nicknochnack/NumpyCrashCourse,2020-09-03T01:04:25Z,18,18,Jupyter Notebook,True,True,
nicknochnack,nicknochnack/Object-Detection-with-Memory,2021-02-03T09:10:37Z,7,7,Jupyter Notebook,True,True,
nicknochnack,nicknochnack/OpenAI-Codex,2021-08-19T00:00:38Z,17,17,Jupyter Notebook,True,True,
nicknochnack,nicknochnack/OpenAI-Reinforcement-Learning-with-Custom-Environment,2021-01-10T05:31:44Z,95,95,Jupyter Notebook,True,True,
nicknochnack,nicknochnack/OpenCV-Basics,2021-10-18T23:45:46Z,54,54,Jupyter Notebook,True,True,
nicknochnack,nicknochnack/OpenscaleWalkthrough,2020-02-03T09:34:46Z,0,0,Jupyter Notebook,True,True,
nicknochnack,nicknochnack/Pandasin20Minutes,2020-08-21T07:00:03Z,61,61,Jupyter Notebook,True,True,
nicknochnack,nicknochnack/PegasusSummarization,2021-08-26T01:23:52Z,23,23,Jupyter Notebook,True,True,
nicknochnack,nicknochnack/PixelLibInstanceSegmentation,2021-05-18T22:54:05Z,15,15,Jupyter Notebook,True,True,
nicknochnack,nicknochnack/PlanningAnalyticsCloudFunctions,2020-09-13T04:05:15Z,3,3,Python,True,True,
nicknochnack,nicknochnack/PlanningAnalyticsExpensePrediction,2020-05-30T13:55:30Z,1,1,Jupyter Notebook,True,True,
nicknochnack,nicknochnack/PoseNetImage,2020-11-01T11:43:26Z,4,4,JavaScript,True,True,
nicknochnack,nicknochnack/PosenetRealtime,2020-09-06T03:07:46Z,30,30,JavaScript,True,True,
nicknochnack,nicknochnack/PyCaret-Anomaly-Detection,2022-08-21T22:09:00Z,6,6,Jupyter Notebook,True,True,
nicknochnack,nicknochnack/PyCaret-Classification,2022-08-15T22:13:39Z,8,8,Jupyter Notebook,True,True,
nicknochnack,nicknochnack/PyCaret-Clustering,2022-08-21T22:11:10Z,3,3,Jupyter Notebook,True,True,
nicknochnack,nicknochnack/PyCaret-Regression,2022-08-15T22:16:45Z,9,9,Jupyter Notebook,True,True,
nicknochnack,nicknochnack/PyCaretClassificationCrashCourse,2021-06-27T02:40:55Z,17,17,Jupyter Notebook,True,True,
nicknochnack,nicknochnack/PyReft,2024-05-05T11:24:52Z,14,14,Python,True,True,
nicknochnack,nicknochnack/Python-Neural-Style-Transfer,2021-01-07T08:58:08Z,42,42,Jupyter Notebook,True,True,
nicknochnack,nicknochnack/PythonForDataScience,2021-08-14T01:44:51Z,103,103,Jupyter Notebook,True,True,
nicknochnack,nicknochnack/PyTorchin15,2022-08-25T02:58:13Z,48,48,Python,True,True,
nicknochnack,nicknochnack/Q-A-Anvil-App,2022-01-28T00:35:15Z,3,3,Jupyter Notebook,True,True,
nicknochnack,nicknochnack/QnA-Web-App-with-React-and-Tensorflow.JS,2021-01-31T06:07:00Z,20,20,JavaScript,True,True,
nicknochnack,nicknochnack/RapGod,2022-09-30T08:09:22Z,23,23,Python,True,True,
nicknochnack,nicknochnack/ReactChatBot,2020-05-21T13:43:42Z,36,36,JavaScript,True,True,
nicknochnack,nicknochnack/ReactComputerVisionTemplate,2020-11-18T06:18:55Z,79,79,JavaScript,True,True,
nicknochnack,nicknochnack/RealTimeAutomaticNumberPlateRecognition,2021-05-03T15:20:05Z,128,128,Jupyter Notebook,True,True,
nicknochnack,nicknochnack/RealTimeBodySegmentation,2020-09-30T21:07:34Z,14,14,JavaScript,True,True,
nicknochnack,nicknochnack/RealTimeObjectDetection,2020-10-31T11:48:41Z,368,368,Jupyter Notebook,True,True,
nicknochnack,nicknochnack/RealTimeObjectDetectionTFJSReact,2020-11-17T22:28:52Z,79,79,JavaScript,True,True,
nicknochnack,nicknochnack/RealTimeSignLanguageDetectionwithTFJS,2020-11-22T09:01:16Z,116,116,Python,True,True,
nicknochnack,nicknochnack/RealTimeSpeechToText,2021-03-26T00:11:49Z,54,54,Python,True,True,
nicknochnack,nicknochnack/RegressionMachineLearningApp,2020-08-01T00:15:48Z,29,29,JavaScript,True,True,
nicknochnack,nicknochnack/Reinforcement-Learning-for-Trading,2021-03-15T09:13:21Z,132,132,Jupyter Notebook,True,True,
nicknochnack,nicknochnack/Reinforcement-Learning-for-Trading-Custom-Signals,2021-03-18T01:41:44Z,54,54,Jupyter Notebook,True,True,
nicknochnack,nicknochnack/ReinforcementLearningCourse,2021-06-02T03:44:57Z,275,275,Jupyter Notebook,True,True,
nicknochnack,nicknochnack/ResumeInsights,2020-10-07T22:07:54Z,7,7,Jupyter Notebook,True,True,
nicknochnack,nicknochnack/rfp-helper-carbon,2019-11-07T23:54:49Z,0,0,,True,True,
nicknochnack,nicknochnack/ScikitLearnRegression,2020-07-07T04:35:27Z,13,13,Jupyter Notebook,True,True,
nicknochnack,nicknochnack/SegmentationAPI,2022-10-21T03:05:51Z,17,17,Jupyter Notebook,True,True,
nicknochnack,nicknochnack/SelfieSegmentationwithGradio,2021-07-22T06:52:17Z,15,15,Jupyter Notebook,True,True,
nicknochnack,nicknochnack/SimSwap,2022-03-16T02:21:44Z,40,40,Jupyter Notebook,True,True,
nicknochnack,nicknochnack/SpaceshipTitanicStream,2022-07-23T02:01:55Z,12,12,Jupyter Notebook,True,True,
nicknochnack,nicknochnack/Speech-Command-Recognition-Control-On-Screen-Elements,2021-02-03T09:18:06Z,10,10,JavaScript,True,True,
nicknochnack,nicknochnack/Speech-Command-Recognition-with-Tensorflow.JS,2021-02-03T09:15:54Z,15,15,JavaScript,True,True,
nicknochnack,nicknochnack/SpeechToTranslation,2020-10-14T21:55:19Z,8,8,Jupyter Notebook,True,True,
nicknochnack,nicknochnack/StableBaselinesRL,2021-03-10T05:42:18Z,14,14,Jupyter Notebook,True,True,
nicknochnack,nicknochnack/StableDiffusionApp,2022-09-20T07:26:21Z,102,102,Python,True,True,
nicknochnack,nicknochnack/Stock-and-Crypto-News-ScrapingSummarizationSentiment,2021-03-21T04:14:33Z,86,86,Jupyter Notebook,True,True,
nicknochnack,nicknochnack/StopSign,2022-11-09T06:51:21Z,26,26,Jupyter Notebook,True,True,
nicknochnack,nicknochnack/StreamlitTest,2021-09-13T22:51:35Z,5,5,Python,True,True,
nicknochnack,nicknochnack/StreamlitTitanic,2022-09-12T22:15:48Z,32,32,Jupyter Notebook,True,True,
nicknochnack,nicknochnack/StreetFighterRL,2022-02-09T20:33:24Z,41,41,Jupyter Notebook,True,True,
nicknochnack,nicknochnack/TechXAIStockAgent,2024-10-23T23:48:51Z,2,2,Python,True,True,
nicknochnack,nicknochnack/TensorFlow-Examples,2020-07-11T05:03:08Z,5,5,,True,True,other
nicknochnack,nicknochnack/Tensorflow-in-10-Minutes,2020-12-24T07:37:44Z,73,73,Jupyter Notebook,True,True,
nicknochnack,nicknochnack/tensorflow-next-best-action,2019-12-20T05:18:14Z,10,10,Jupyter Notebook,True,True,
nicknochnack,nicknochnack/TensorflowDecisionForests,2023-01-27T02:35:47Z,5,5,Jupyter Notebook,True,True,
nicknochnack,nicknochnack/TensorflowKeras-ReinforcementLearning,2020-08-30T03:16:01Z,67,67,Jupyter Notebook,True,True,
nicknochnack,nicknochnack/TensorflowObjectDetectionMetrics,2021-03-04T02:04:35Z,23,23,Jupyter Notebook,True,True,
nicknochnack,nicknochnack/testdata,2024-06-12T05:26:56Z,3,3,,True,True,
nicknochnack,nicknochnack/TestTFJSModelHosting,2021-03-31T03:45:42Z,2,2,,True,True,
nicknochnack,nicknochnack/TextToSpeech,2020-08-16T01:59:33Z,17,17,Jupyter Notebook,True,True,
nicknochnack,nicknochnack/TFODApp,2021-04-02T22:20:33Z,104,104,JavaScript,True,True,
nicknochnack,nicknochnack/TFODCourse,2021-03-23T06:30:42Z,959,959,Jupyter Notebook,True,True,
nicknochnack,nicknochnack/TFODRPi,2021-04-02T22:26:26Z,86,86,Python,True,True,
nicknochnack,nicknochnack/TikTokAnalytics,2021-12-12T03:19:04Z,40,40,Jupyter Notebook,True,True,
nicknochnack,nicknochnack/TimeSeriesForecastingProphet,2020-12-16T09:16:23Z,81,81,Jupyter Notebook,True,True,
nicknochnack,nicknochnack/Tm1Streamlit,2022-11-04T02:29:11Z,0,0,Python,True,True,
nicknochnack,nicknochnack/ToneAnalysis,2020-08-27T03:31:45Z,3,3,Jupyter Notebook,True,True,
nicknochnack,nicknochnack/transmissionrouting,2019-11-15T12:19:12Z,0,0,Jupyter Notebook,True,True,
nicknochnack,nicknochnack/TruckOptPlanningAnalytics,2020-03-24T01:48:28Z,0,0,Jupyter Notebook,True,True,
nicknochnack,nicknochnack/TwitterPersonalityInsights,2020-08-11T06:27:16Z,6,6,Jupyter Notebook,True,True,
nicknochnack,nicknochnack/TwitterPresidentialDebate,2020-10-02T23:14:21Z,10,10,Jupyter Notebook,True,True,
nicknochnack,nicknochnack/VideoToText,2020-09-10T00:47:49Z,16,16,Jupyter Notebook,True,True,
nicknochnack,nicknochnack/wa-webhook,2019-11-25T09:08:36Z,1,1,Python,True,True,
nicknochnack,nicknochnack/WatsonAutoAITutorial,2020-08-27T03:54:49Z,3,3,,True,True,
nicknochnack,nicknochnack/WatsonDiscoveryContractIQ,2022-11-09T23:23:38Z,0,0,JavaScript,True,True,
nicknochnack,nicknochnack/WatsonObjectDetectionTutorial,2019-09-12T02:29:52Z,5,5,,True,True,
nicknochnack,nicknochnack/WatsonPlanningAnalytics,2019-09-01T21:45:29Z,12,12,Jupyter Notebook,True,True,
nicknochnack,nicknochnack/WatsonSTT,2020-08-08T00:41:54Z,22,22,Jupyter Notebook,True,True,
nicknochnack,nicknochnack/WatsonxCrewAI,2024-04-26T04:38:59Z,51,51,Python,True,True,
nicknochnack,nicknochnack/WatsonxFinCom,2024-09-02T04:26:15Z,3,3,Python,True,True,
nicknochnack,nicknochnack/WatsonxFineTuning,2023-07-06T21:35:04Z,11,11,Jupyter Notebook,True,True,
nicknochnack,nicknochnack/WatsonxFlowsUI,2024-08-10T22:16:30Z,9,9,JavaScript,True,True,
nicknochnack,nicknochnack/watsonxRAG,2023-09-19T20:22:45Z,18,18,Python,True,True,
nicknochnack,nicknochnack/wdademo,2019-07-29T08:34:11Z,5,5,JavaScript,True,True,apache-2.0
nicknochnack,nicknochnack/YelpSentimentAnalysis,2020-08-01T07:12:29Z,0,0,Jupyter Notebook,True,True,
nicknochnack,nicknochnack/YOLO-Drowsiness-Detection,2021-07-12T08:02:09Z,130,130,Jupyter Notebook,True,True,
nicknochnack,nicknochnack/yolodolo,2021-03-23T07:59:56Z,3,3,,True,True,
brendangregg,brendangregg/bcc,2015-08-18T20:05:02Z,62,62,C,True,True,apache-2.0
brendangregg,brendangregg/bcc-1,2015-11-06T20:02:59Z,0,0,Python,True,True,
brendangregg,brendangregg/bpf-docs,2019-07-07T22:52:30Z,11,11,,True,True,
brendangregg,brendangregg/bpf-perf-tools-book,2019-05-13T18:11:59Z,1621,1621,Python,True,True,
brendangregg,brendangregg/bpf-perf-workshop,2019-10-27T03:19:22Z,183,183,C,True,True,
brendangregg,brendangregg/BPF-tools,2014-06-09T07:39:58Z,121,121,C,True,True,
brendangregg,brendangregg/bpf-typewriter,2019-12-22T20:34:50Z,23,23,,True,True,
brendangregg,brendangregg/bpftrace,2018-02-27T21:42:29Z,20,20,C++,True,False,apache-2.0
brendangregg,brendangregg/bpftrace-tetris,2019-12-17T21:15:35Z,4,4,Shell,True,True,
brendangregg,brendangregg/brendangregg.github.io,2015-07-26T23:54:17Z,3,3,HTML,True,True,
brendangregg,brendangregg/Chaosreader,2014-04-10T00:56:54Z,223,223,,True,True,
brendangregg,brendangregg/d3-flame-graph,2015-10-07T00:04:46Z,11,11,JavaScript,True,False,apache-2.0
brendangregg,brendangregg/DTrace-book-scripts,2014-06-14T19:39:07Z,171,171,,True,True,
brendangregg,brendangregg/dtrace-cloud-tools,2012-08-13T22:50:54Z,203,203,D,True,True,
brendangregg,brendangregg/DTrace-tools,2014-11-02T17:15:41Z,68,68,DTrace,True,True,
brendangregg,brendangregg/DTraceToolkit,2011-11-13T22:21:55Z,16,16,,True,True,
brendangregg,brendangregg/Dump2PNG,2012-05-05T21:31:52Z,40,40,C,True,True,
brendangregg,brendangregg/FlameGraph,2011-12-16T02:20:53Z,17255,17255,Perl,True,True,
brendangregg,brendangregg/FlameScope,2017-02-24T19:39:43Z,13,13,Perl,True,True,
brendangregg,brendangregg/GuessingGame,2011-11-12T22:49:49Z,34,34,Batchfile,True,True,
brendangregg,brendangregg/HeatMap,2013-05-19T18:07:19Z,311,311,Perl,True,True,
brendangregg,brendangregg/hexyl,2019-10-26T16:39:20Z,4,4,,True,True,apache-2.0
brendangregg,brendangregg/llnode,2016-07-09T00:23:16Z,1,1,C++,True,True,
brendangregg,brendangregg/metrics-catalog,2014-05-15T21:37:32Z,18,18,,True,True,
brendangregg,brendangregg/Misc,2014-05-07T07:55:05Z,65,65,Shell,True,True,
brendangregg,brendangregg/msr-cloud-tools,2014-09-15T22:30:36Z,176,176,Shell,True,True,
brendangregg,brendangregg/p1bench,2018-03-15T18:37:23Z,20,20,C,True,True,
brendangregg,brendangregg/perf-labs,2015-05-21T21:24:19Z,96,96,C,True,True,mit
brendangregg,brendangregg/perf-map-agent,2014-12-04T06:01:47Z,2,2,C,True,True,gpl-2.0
brendangregg,brendangregg/perf-tools,2014-07-10T19:54:14Z,9864,9864,Shell,True,True,gpl-2.0
brendangregg,brendangregg/PerfModels,2012-05-18T23:13:19Z,70,70,R,True,True,
brendangregg,brendangregg/ply,2016-03-02T21:21:55Z,7,7,C,True,True,gpl-2.0
brendangregg,brendangregg/pmc-cloud-tools,2017-05-01T18:21:00Z,251,251,Shell,True,True,
brendangregg,brendangregg/proc-profiler,2017-12-21T07:03:03Z,32,32,Perl,True,True,
brendangregg,brendangregg/skid-testing,2017-07-28T18:05:08Z,7,7,C,True,True,
brendangregg,brendangregg/sysdig,2014-04-13T20:46:08Z,18,18,C,True,True,gpl-2.0
brendangregg,brendangregg/systemtap-lwtools,2015-01-31T20:02:12Z,186,186,,True,True,gpl-2.0
brendangregg,brendangregg/Test,2011-11-08T03:27:24Z,3,3,JavaScript,True,True,
brendangregg,brendangregg/vector,2017-06-15T23:47:44Z,4,4,JavaScript,True,False,apache-2.0
brendangregg,brendangregg/wrmsrbench,2019-02-19T18:15:08Z,7,7,C,True,True,
brendangregg,brendangregg/WSPerfLab,2015-04-10T19:45:33Z,8,8,Java,True,True,apache-2.0
brendangregg,brendangregg/wss,2018-01-12T00:41:21Z,214,214,C,True,True,
cornflourblue,cornflourblue/angu-fixed-header-table,2014-06-03T01:53:54Z,67,67,JavaScript,True,True,mit
cornflourblue,cornflourblue/angular-10-alert-notifications,2020-07-16T10:49:14Z,14,14,TypeScript,True,True,mit
cornflourblue,cornflourblue/angular-10-basic-authentication-example,2020-10-17T00:43:52Z,12,12,TypeScript,True,True,mit
cornflourblue,cornflourblue/angular-10-custom-modal,2020-09-24T10:02:08Z,20,20,TypeScript,True,True,mit
cornflourblue,cornflourblue/angular-10-facebook-login-example,2020-09-18T03:49:47Z,16,16,TypeScript,True,True,mit
cornflourblue,cornflourblue/angular-10-jwt-authentication-example,2020-07-09T01:16:37Z,53,53,TypeScript,True,True,mit
cornflourblue,cornflourblue/angular-10-jwt-refresh-tokens,2020-07-25T02:24:55Z,57,57,TypeScript,True,True,mit
cornflourblue,cornflourblue/angular-10-registration-login-example,2020-07-17T09:24:48Z,124,124,TypeScript,True,True,mit
cornflourblue,cornflourblue/angular-10-role-based-authorization-example,2020-09-08T09:58:33Z,35,35,TypeScript,True,True,mit
cornflourblue,cornflourblue/angular-10-signup-verification-boilerplate,2020-08-25T09:49:18Z,68,68,TypeScript,True,True,mit
cornflourblue,cornflourblue/angular-11-crud-example,2020-12-15T08:33:20Z,35,35,TypeScript,True,True,mit
cornflourblue,cornflourblue/angular-14-alert-notifications,2022-11-23T00:13:07Z,1,1,TypeScript,True,True,mit
cornflourblue,cornflourblue/angular-14-basic-authentication-example,2022-12-27T05:41:49Z,10,10,TypeScript,True,True,mit
cornflourblue,cornflourblue/angular-14-crud-example,2022-12-21T06:50:49Z,6,6,TypeScript,True,True,mit
cornflourblue,cornflourblue/angular-14-dynamic-form-example,2022-12-23T03:49:24Z,0,0,TypeScript,True,True,mit
cornflourblue,cornflourblue/angular-14-facebook-login-example,2023-01-13T06:22:18Z,9,9,TypeScript,True,True,mit
cornflourblue,cornflourblue/angular-14-jwt-authentication-example,2022-11-15T00:16:15Z,17,17,TypeScript,True,True,mit
cornflourblue,cornflourblue/angular-14-jwt-refresh-tokens,2022-12-08T02:23:34Z,13,13,TypeScript,True,True,mit
cornflourblue,cornflourblue/angular-14-modal-popup-example,2023-01-03T07:16:11Z,4,4,TypeScript,True,True,mit
cornflourblue,cornflourblue/angular-14-paging-sorting-example,2022-12-13T07:01:47Z,4,4,TypeScript,True,True,mit
cornflourblue,cornflourblue/angular-14-reactive-forms-validation-example,2022-12-16T07:46:03Z,2,2,TypeScript,True,True,mit
cornflourblue,cornflourblue/angular-14-registration-login-example,2022-11-29T06:10:33Z,28,28,TypeScript,True,True,mit
cornflourblue,cornflourblue/angular-14-role-based-authorization-example,2022-12-22T06:12:45Z,11,11,TypeScript,True,True,mit
cornflourblue,cornflourblue/angular-14-template-driven-form-validation-example,2022-12-18T06:02:16Z,2,2,TypeScript,True,True,mit
cornflourblue,cornflourblue/angular-15-signup-verification-boilerplate,2023-04-20T04:05:00Z,13,13,TypeScript,True,True,mit
cornflourblue,cornflourblue/angular-16-tutorial,2023-05-11T04:03:36Z,40,40,TypeScript,True,True,mit
cornflourblue,cornflourblue/angular-6-basic-authentication-example,2018-09-06T09:49:31Z,26,26,TypeScript,True,True,mit
cornflourblue,cornflourblue/angular-6-communicating-between-components,2018-06-25T08:30:19Z,10,10,TypeScript,True,True,mit
cornflourblue,cornflourblue/angular-6-custom-modal,2018-05-24T08:35:55Z,28,28,TypeScript,True,True,mit
cornflourblue,cornflourblue/angular-6-jwt-authentication-example,2018-05-21T21:58:16Z,124,124,TypeScript,True,True,mit
cornflourblue,cornflourblue/angular-6-registration-login-example,2018-05-14T08:11:40Z,201,201,TypeScript,True,True,mit
cornflourblue,cornflourblue/angular-6-registration-login-example-cli,2018-07-09T08:21:57Z,67,67,TypeScript,True,True,
cornflourblue,cornflourblue/angular-7-communicating-between-components,2019-02-04T04:27:25Z,14,14,TypeScript,True,True,mit
cornflourblue,cornflourblue/angular-7-custom-modal,2019-04-16T07:48:11Z,12,12,TypeScript,True,True,mit
cornflourblue,cornflourblue/angular-7-jwt-authentication-example,2018-11-16T13:54:44Z,116,116,TypeScript,True,True,mit
cornflourblue,cornflourblue/angular-7-registration-login-example,2018-10-25T21:22:35Z,141,141,TypeScript,True,True,mit
cornflourblue,cornflourblue/angular-7-registration-login-example-cli,2018-11-04T00:50:46Z,79,79,TypeScript,True,True,mit
cornflourblue,cornflourblue/angular-7-role-based-authorization-example,2018-11-14T10:48:35Z,105,105,TypeScript,True,True,mit
cornflourblue,cornflourblue/angular-7-tutorial,2019-04-23T07:51:56Z,22,22,TypeScript,True,True,mit
cornflourblue,cornflourblue/angular-8-alert-notifications,2019-06-21T21:00:04Z,32,32,TypeScript,True,True,mit
cornflourblue,cornflourblue/angular-8-animation-example,2019-06-21T21:00:21Z,18,18,TypeScript,True,True,mit
cornflourblue,cornflourblue/angular-8-basic-authentication-example,2019-06-21T20:58:50Z,47,47,TypeScript,True,True,mit
cornflourblue,cornflourblue/angular-8-custom-modal,2019-06-21T20:59:32Z,19,19,TypeScript,True,True,mit
cornflourblue,cornflourblue/angular-8-jwt-authentication-example,2019-06-21T20:57:46Z,134,134,TypeScript,True,True,mit
cornflourblue,cornflourblue/angular-8-node-server-side-pagination,2019-06-27T12:14:08Z,16,16,HTML,True,True,mit
cornflourblue,cornflourblue/angular-8-registration-login-example,2019-06-04T08:36:27Z,237,237,TypeScript,True,True,mit
cornflourblue,cornflourblue/angular-8-role-based-authorization-example,2019-06-21T20:59:43Z,85,85,TypeScript,True,True,mit
cornflourblue,cornflourblue/angular-9-alert-notifications,2020-04-30T03:24:34Z,4,4,TypeScript,True,True,mit
cornflourblue,cornflourblue/angular-9-basic-authentication-example,2020-04-29T07:40:28Z,16,16,TypeScript,True,True,mit
cornflourblue,cornflourblue/angular-9-custom-modal,2020-05-14T02:53:20Z,12,12,TypeScript,True,True,mit
cornflourblue,cornflourblue/angular-9-jwt-authentication-example,2020-04-18T03:40:11Z,43,43,TypeScript,True,True,mit
cornflourblue,cornflourblue/angular-9-jwt-refresh-tokens,2020-05-21T07:21:47Z,45,45,TypeScript,True,True,mit
cornflourblue,cornflourblue/angular-9-registration-login-example,2020-04-27T02:48:07Z,80,80,TypeScript,True,True,mit
cornflourblue,cornflourblue/angular-9-role-based-authorization-example,2020-05-15T08:26:27Z,28,28,TypeScript,True,True,mit
cornflourblue,cornflourblue/angular-authentication-example,2014-11-06T11:55:10Z,114,114,JavaScript,True,True,mit
cornflourblue,cornflourblue/angular-jwt-authentication-example,2016-04-05T09:54:36Z,53,53,JavaScript,True,True,mit
cornflourblue,cornflourblue/angular-master-details-crud-example,2020-09-01T09:01:51Z,12,12,TypeScript,True,True,mit
cornflourblue,cornflourblue/angular-pinterest,2015-04-22T07:13:39Z,2,2,,True,True,mit
cornflourblue,cornflourblue/angular-registration-login-example,2015-03-10T06:02:04Z,468,468,JavaScript,True,True,mit
cornflourblue,cornflourblue/angular-reverse-geocode,2014-06-23T09:42:33Z,17,17,JavaScript,True,True,mit
cornflourblue,cornflourblue/angular-webapi-authentication-example,2014-12-01T10:28:24Z,33,33,JavaScript,True,True,mit
cornflourblue,cornflourblue/angular2-alert-notifications,2017-06-25T03:47:03Z,35,35,TypeScript,True,True,mit
cornflourblue,cornflourblue/angular2-animation-tutorial-example,2017-04-12T01:36:08Z,30,30,TypeScript,True,True,mit
cornflourblue,cornflourblue/angular2-communicating-between-components,2016-12-01T05:06:44Z,36,36,TypeScript,True,True,mit
cornflourblue,cornflourblue/angular2-custom-modal,2017-01-23T21:06:18Z,24,24,TypeScript,True,True,mit
cornflourblue,cornflourblue/angular2-custom-modal-webpack,2017-01-23T21:09:51Z,8,8,TypeScript,True,True,mit
cornflourblue,cornflourblue/angular2-jwt-authentication-example,2016-07-30T04:40:03Z,318,318,TypeScript,True,True,mit
cornflourblue,cornflourblue/angular2-pagination-example,2016-08-23T09:04:09Z,54,54,TypeScript,True,True,mit
cornflourblue,cornflourblue/angular2-registration-login-example,2016-09-29T07:26:01Z,429,429,TypeScript,True,True,mit
cornflourblue,cornflourblue/angular2-registration-login-example-cli,2017-11-29T01:24:59Z,57,57,TypeScript,True,True,mit
cornflourblue,cornflourblue/angular2-registration-login-example-webpack,2017-03-16T06:24:48Z,95,95,TypeScript,True,True,mit
cornflourblue,cornflourblue/angularjs-custom-modal-example,2017-01-19T07:30:03Z,9,9,JavaScript,True,True,mit
cornflourblue,cornflourblue/angulike,2014-09-26T00:39:13Z,58,58,JavaScript,True,True,mit
cornflourblue,cornflourblue/aspnet-core-3-basic-authentication-api,2019-10-18T07:26:37Z,75,75,C#,True,True,mit
cornflourblue,cornflourblue/aspnet-core-3-jwt-authentication-api,2019-10-09T08:12:40Z,640,640,C#,True,True,mit
cornflourblue,cornflourblue/aspnet-core-3-jwt-refresh-tokens-api,2020-05-22T09:33:51Z,202,202,C#,True,True,mit
cornflourblue,cornflourblue/aspnet-core-3-registration-login-api,2019-10-11T07:52:46Z,234,234,C#,True,True,mit
cornflourblue,cornflourblue/aspnet-core-3-role-based-authorization-api,2019-10-15T10:19:34Z,110,110,C#,True,True,mit
cornflourblue,cornflourblue/aspnet-core-3-signup-verification-api,2020-07-01T09:39:19Z,226,226,C#,True,True,mit
cornflourblue,cornflourblue/aspnet-core-angular2-registration-login-example,2017-06-07T08:06:44Z,61,61,C#,True,True,mit
cornflourblue,cornflourblue/aspnet-core-basic-authentication-api,2018-09-06T09:55:24Z,68,68,C#,True,True,mit
cornflourblue,cornflourblue/aspnet-core-jwt-authentication-api,2018-08-13T10:45:15Z,276,276,C#,True,True,mit
cornflourblue,cornflourblue/aspnet-core-razor-pages-pagination,2018-10-11T15:26:24Z,10,10,C#,True,True,mit
cornflourblue,cornflourblue/aspnet-core-react-registration-login-example,2017-10-19T01:35:15Z,109,109,JavaScript,True,True,mit
cornflourblue,cornflourblue/aspnet-core-registration-login-api,2018-06-26T10:29:18Z,265,265,C#,True,True,mit
cornflourblue,cornflourblue/aspnet-core-role-based-authorization-api,2019-01-07T20:25:20Z,80,80,C#,True,True,mit
cornflourblue,cornflourblue/blazor-webassembly-basic-authentication-example,2020-09-09T08:51:41Z,21,21,C#,True,True,mit
cornflourblue,cornflourblue/blazor-webassembly-communication-between-components,2020-07-28T11:04:50Z,13,13,HTML,True,True,mit
cornflourblue,cornflourblue/blazor-webassembly-display-list-of-items,2020-09-15T04:15:00Z,1,1,HTML,True,True,mit
cornflourblue,cornflourblue/blazor-webassembly-form-validation,2020-07-31T01:57:16Z,2,2,HTML,True,True,mit
cornflourblue,cornflourblue/blazor-webassembly-http-get-request-examples,2020-09-20T03:07:14Z,6,6,HTML,True,True,mit
cornflourblue,cornflourblue/blazor-webassembly-http-post-request-examples,2020-09-16T08:50:37Z,4,4,HTML,True,True,mit
cornflourblue,cornflourblue/blazor-webassembly-jwt-authentication-example,2020-08-13T01:31:58Z,127,127,C#,True,True,mit
cornflourblue,cornflourblue/blazor-webassembly-registration-login-example,2020-11-05T06:01:16Z,90,90,C#,True,True,mit
cornflourblue,cornflourblue/bootstrap-5-modal-angular-15,2023-02-09T01:20:37Z,11,11,TypeScript,True,True,mit
cornflourblue,cornflourblue/cornflourblue,2021-09-04T10:04:20Z,1,1,,True,True,
cornflourblue,cornflourblue/dotnet-5-bare-bones-api,2021-07-02T03:58:01Z,4,4,C#,True,True,mit
cornflourblue,cornflourblue/dotnet-5-basic-authentication-api,2021-05-19T10:03:36Z,22,22,C#,True,True,mit
cornflourblue,cornflourblue/dotnet-5-crud-api,2021-09-24T06:28:42Z,24,24,C#,True,True,mit
cornflourblue,cornflourblue/dotnet-5-jwt-authentication-api,2021-04-30T02:25:06Z,72,72,C#,True,True,mit
cornflourblue,cornflourblue/dotnet-5-jwt-refresh-tokens-api,2021-06-08T01:07:37Z,104,104,C#,True,True,mit
cornflourblue,cornflourblue/dotnet-5-registration-login-api,2021-05-21T00:30:24Z,40,40,C#,True,True,mit
cornflourblue,cornflourblue/dotnet-5-role-based-authorization-api,2021-07-19T00:32:18Z,38,38,C#,True,True,mit
cornflourblue,cornflourblue/dotnet-5-signup-verification-api,2021-09-01T03:05:34Z,56,56,C#,True,True,mit
cornflourblue,cornflourblue/dotnet-6-basic-authentication-api,2021-12-20T02:42:25Z,48,48,C#,True,True,mit
cornflourblue,cornflourblue/dotnet-6-crud-api,2022-03-15T01:59:38Z,98,98,C#,True,True,mit
cornflourblue,cornflourblue/dotnet-6-jwt-authentication-api,2021-12-13T05:49:43Z,172,172,C#,True,True,mit
cornflourblue,cornflourblue/dotnet-6-jwt-refresh-tokens-api,2022-01-17T08:02:08Z,193,193,C#,True,True,mit
cornflourblue,cornflourblue/dotnet-6-minimal-api,2022-01-25T07:44:51Z,12,12,C#,True,True,mit
cornflourblue,cornflourblue/dotnet-6-registration-login-api,2022-01-06T03:50:31Z,112,112,C#,True,True,mit
cornflourblue,cornflourblue/dotnet-6-role-based-authorization-api,2022-02-18T01:54:53Z,67,67,C#,True,True,mit
cornflourblue,cornflourblue/dotnet-6-signup-verification-api,2022-02-24T05:25:26Z,148,148,C#,True,True,mit
cornflourblue,cornflourblue/dotnet-7-dapper-mssql-crud-api,2023-02-14T07:04:39Z,28,28,C#,True,True,mit
cornflourblue,cornflourblue/dotnet-7-dapper-mysql-crud-api,2023-04-14T01:33:42Z,16,16,C#,True,True,mit
cornflourblue,cornflourblue/dotnet-7-dapper-postgres-crud-api,2023-03-23T05:09:47Z,41,41,C#,True,True,mit
cornflourblue,cornflourblue/dotnet-7-dapper-sqlite-crud-api,2023-02-10T05:57:07Z,35,35,C#,True,True,mit
cornflourblue,cornflourblue/dotnet-7-facebook-authentication-api,2023-01-18T07:11:43Z,16,16,C#,True,True,mit
cornflourblue,cornflourblue/dotnet-7-jwt-authentication-api,2023-04-04T04:05:13Z,60,60,C#,True,True,mit
cornflourblue,cornflourblue/elmah-web-api-log-all-exceptions,2015-11-05T23:50:59Z,18,18,C#,True,True,mit
cornflourblue,cornflourblue/jw-angular-pagination,2018-04-25T03:39:42Z,35,35,TypeScript,True,True,mit
cornflourblue,cornflourblue/jw-angular-social-buttons,2018-05-30T07:08:11Z,17,17,TypeScript,True,True,mit
cornflourblue,cornflourblue/jw-paginate,2018-04-25T03:04:46Z,65,65,TypeScript,True,True,mit
cornflourblue,cornflourblue/jw-react-modal,2018-02-22T06:22:27Z,1,1,JavaScript,True,True,
cornflourblue,cornflourblue/jw-react-npm-boilerplate,2018-04-11T10:19:01Z,18,18,JavaScript,True,True,mit
cornflourblue,cornflourblue/jw-react-pagination,2018-04-07T00:49:30Z,20,20,JavaScript,True,True,mit
cornflourblue,cornflourblue/jw-vue-pagination,2019-08-20T10:08:37Z,38,38,Vue,True,True,mit
cornflourblue,cornflourblue/JW.Pager,2018-10-09T12:56:36Z,23,23,C#,True,True,
cornflourblue,cornflourblue/mean-angular2-registration-login-example,2017-02-22T00:11:13Z,121,121,TypeScript,True,True,mit
cornflourblue,cornflourblue/mean-stack-registration-login-example,2015-11-06T07:58:14Z,126,126,JavaScript,True,True,mit
cornflourblue,cornflourblue/meanie,2016-04-28T12:55:06Z,86,86,CSS,True,True,mit
cornflourblue,cornflourblue/mvc5-unit-of-work-example,2015-01-28T04:41:58Z,81,81,C#,True,True,mit
cornflourblue,cornflourblue/next-js-10-crud-example,2021-04-08T05:35:14Z,74,74,JavaScript,True,True,mit
cornflourblue,cornflourblue/next-js-11-basic-authentication-example,2021-08-27T02:07:50Z,19,19,JavaScript,True,True,mit
cornflourblue,cornflourblue/next-js-11-jwt-authentication-example,2021-08-02T06:43:44Z,143,143,JavaScript,True,True,mit
cornflourblue,cornflourblue/next-js-11-registration-login-example,2021-08-17T02:19:28Z,132,132,JavaScript,True,True,mit
cornflourblue,cornflourblue/next-js-13-app-router-mongodb-rego-login-example,2023-07-28T00:55:43Z,77,77,TypeScript,True,True,mit
cornflourblue,cornflourblue/next-js-13-mongodb-registration-login-example,2023-04-11T01:46:48Z,38,38,JavaScript,True,True,mit
cornflourblue,cornflourblue/next-js-13-mysql-registration-login-example,2023-04-25T04:48:46Z,63,63,JavaScript,True,True,mit
cornflourblue,cornflourblue/next-js-alert-notifications,2021-08-24T09:17:46Z,7,7,JavaScript,True,True,mit
cornflourblue,cornflourblue/ng-animate-ui-router-example,2016-01-20T06:28:24Z,12,12,JavaScript,True,True,mit
cornflourblue,cornflourblue/node-basic-authentication-api,2018-08-31T23:18:30Z,67,67,JavaScript,True,True,mit
cornflourblue,cornflourblue/node-jwt-authentication-api,2018-07-02T09:41:27Z,175,175,JavaScript,True,True,mit
cornflourblue,cornflourblue/node-mongo-jwt-refresh-tokens-api,2020-06-17T08:38:34Z,128,128,JavaScript,True,True,mit
cornflourblue,cornflourblue/node-mongo-registration-login-api,2018-06-06T08:24:50Z,355,355,JavaScript,True,True,mit
cornflourblue,cornflourblue/node-mongo-signup-verification-api,2020-05-04T06:45:28Z,187,187,JavaScript,True,True,mit
cornflourblue,cornflourblue/node-mssql-crud-api,2022-06-18T04:02:40Z,12,12,JavaScript,True,True,mit
cornflourblue,cornflourblue/node-mssql-registration-login-api,2022-06-30T08:48:42Z,14,14,JavaScript,True,True,mit
cornflourblue,cornflourblue/node-mysql-crud-api,2021-10-26T04:05:42Z,25,25,JavaScript,True,True,mit
cornflourblue,cornflourblue/node-mysql-registration-login-api,2020-08-17T09:52:13Z,85,85,JavaScript,True,True,mit
cornflourblue,cornflourblue/node-mysql-signup-verification-api,2020-09-07T08:50:42Z,70,70,JavaScript,True,True,mit
cornflourblue,cornflourblue/node-role-based-authorization-api,2018-11-28T08:12:07Z,233,233,JavaScript,True,True,mit
cornflourblue,cornflourblue/react-18-redux-basic-authentication-example,2023-02-16T07:27:39Z,4,4,JavaScript,True,True,mit
cornflourblue,cornflourblue/react-18-redux-jwt-authentication-example,2022-06-13T09:23:04Z,70,70,JavaScript,True,True,mit
cornflourblue,cornflourblue/react-18-redux-registration-login-example,2023-03-02T07:46:06Z,22,22,JavaScript,True,True,mit
cornflourblue,cornflourblue/react-alert-notifications,2020-02-17T12:05:35Z,18,18,JavaScript,True,True,mit
cornflourblue,cornflourblue/react-basic-authentication-example,2018-09-04T11:43:08Z,97,97,JavaScript,True,True,mit
cornflourblue,cornflourblue/react-custom-modal,2018-01-18T04:20:37Z,5,5,JavaScript,True,True,mit
cornflourblue,cornflourblue/react-facebook-login-example,2020-10-22T06:47:44Z,53,53,JavaScript,True,True,mit
cornflourblue,cornflourblue/react-formik-master-details-crud-example,2020-04-16T09:08:28Z,32,32,JavaScript,True,True,mit
cornflourblue,cornflourblue/react-hook-form-7-dynamic-form-example,2021-09-28T05:31:56Z,8,8,JavaScript,True,True,mit
cornflourblue,cornflourblue/react-hook-form-crud-example,2020-10-09T08:43:54Z,62,62,JavaScript,True,True,mit
cornflourblue,cornflourblue/react-hooks-bootstrap-alerts,2020-04-10T05:42:25Z,10,10,JavaScript,True,True,mit
cornflourblue,cornflourblue/react-hooks-redux-registration-login-example,2020-03-01T10:27:38Z,231,231,JavaScript,True,True,mit
cornflourblue,cornflourblue/react-jwt-authentication-example,2019-04-05T22:52:21Z,206,206,JavaScript,True,True,mit
cornflourblue,cornflourblue/react-node-server-side-pagination,2019-07-18T06:50:18Z,18,18,JavaScript,True,True,mit
cornflourblue,cornflourblue/react-pagination-example,2017-03-10T05:30:37Z,84,84,JavaScript,True,True,mit
cornflourblue,cornflourblue/react-recoil-basic-authentication-example,2021-09-07T08:37:55Z,10,10,JavaScript,True,True,mit
cornflourblue,cornflourblue/react-recoil-jwt-authentication-example,2021-09-04T07:33:19Z,30,30,JavaScript,True,True,mit
cornflourblue,cornflourblue/react-recoil-registration-login-example,2021-09-09T06:23:39Z,33,33,JavaScript,True,True,mit
cornflourblue,cornflourblue/react-redux-jwt-authentication-example,2017-12-06T23:52:15Z,441,441,JavaScript,True,True,mit
cornflourblue,cornflourblue/react-redux-registration-login-example,2017-08-30T03:03:00Z,1192,1192,JavaScript,True,True,mit
cornflourblue,cornflourblue/react-role-based-authorization-example,2019-01-30T19:22:22Z,243,243,JavaScript,True,True,mit
cornflourblue,cornflourblue/react-rxjs-communicating-between-components,2019-02-09T21:15:05Z,35,35,JavaScript,True,True,mit
cornflourblue,cornflourblue/react-signup-verification-boilerplate,2020-04-20T03:32:25Z,200,200,JavaScript,True,True,mit
cornflourblue,cornflourblue/vue-3-facebook-login-example,2020-09-26T00:39:34Z,12,12,JavaScript,True,True,
cornflourblue,cornflourblue/vue-3-pinia-basic-authentication-example,2022-06-29T08:58:50Z,7,7,JavaScript,True,True,
cornflourblue,cornflourblue/vue-3-pinia-jwt-authentication-example,2022-05-25T01:56:24Z,158,158,JavaScript,True,True,
cornflourblue,cornflourblue/vue-3-pinia-jwt-refresh-tokens,2023-01-31T06:34:43Z,23,23,JavaScript,True,True,
cornflourblue,cornflourblue/vue-3-pinia-registration-login-example,2022-07-03T08:10:44Z,148,148,JavaScript,True,True,
cornflourblue,cornflourblue/vue-basic-authentication-example,2018-08-31T23:27:34Z,42,42,JavaScript,True,True,mit
cornflourblue,cornflourblue/vue-facebook-login-example,2020-09-25T09:13:01Z,17,17,JavaScript,True,True,
cornflourblue,cornflourblue/vue-node-server-side-pagination,2019-08-12T05:45:02Z,16,16,Vue,True,True,mit
cornflourblue,cornflourblue/vue-pagination-example,2019-08-20T10:10:12Z,34,34,Vue,True,True,mit
cornflourblue,cornflourblue/vue-role-based-authorization-example,2019-02-21T05:19:29Z,101,101,JavaScript,True,True,mit
cornflourblue,cornflourblue/vue-rxjs-communicating-between-components,2019-02-21T05:26:24Z,18,18,Vue,True,True,mit
cornflourblue,cornflourblue/vue-vuex-jwt-authentication-example,2018-07-02T09:33:15Z,261,261,JavaScript,True,True,mit
cornflourblue,cornflourblue/vue-vuex-registration-login-example,2018-07-13T22:56:34Z,392,392,JavaScript,True,True,mit
0vm,0vm/0vm,2022-05-02T07:47:41Z,28,28,,True,True,
0vm,0vm/account-age-exploit,2023-08-05T09:04:17Z,22,22,,True,True,
0vm,0vm/BasicC2,2023-07-22T07:35:45Z,32,32,Python,True,True,mit
0vm,0vm/github-activity-generator,2023-08-05T07:08:20Z,25,25,Python,True,True,apache-2.0
0vm,0vm/Pinger,2022-06-09T15:01:50Z,21,21,C#,True,True,
0vm,0vm/RAM-Limiter,2022-06-10T03:05:07Z,103,103,C#,True,True,
0vm,0vm/SendIt-Spammer,2022-09-14T07:53:48Z,11,11,Python,True,True,
0vm,0vm/Simple-HWID-Checker,2023-07-15T07:35:17Z,32,32,C++,True,True,mit
0vm,0vm/twitch-username-checker,2023-07-09T01:19:24Z,13,13,JavaScript,True,True,mit
0vm,0vm/workers-http-auth,2023-08-02T09:43:59Z,12,12,JavaScript,True,True,
davecheney,davecheney/8cc,2014-06-05T06:07:38Z,2,2,C,True,True,other
davecheney,davecheney/a,2013-01-14T23:15:26Z,1,1,Go,True,True,
davecheney,davecheney/affinity,2014-01-06T23:05:54Z,3,3,Go,True,True,agpl-3.0
davecheney,davecheney/afp,2011-12-03T11:52:33Z,13,13,Go,True,True,
davecheney,davecheney/arduino6502,2017-04-08T10:05:58Z,15,15,C,False,True,bsd-2-clause
davecheney,davecheney/august-go-in-action-draw,2012-08-14T04:38:14Z,2,2,Go,True,True,
davecheney,davecheney/autobench,2013-03-28T11:17:01Z,99,99,Go,True,True,
davecheney,davecheney/avr11,2014-01-10T09:32:43Z,59,59,C++,True,True,wtfpl
davecheney,davecheney/badidea,2020-02-16T00:08:33Z,29,29,Go,True,True,bsd-2-clause
davecheney,davecheney/benandjerry,2014-06-26T23:15:30Z,5,5,Go,True,True,
davecheney,davecheney/benchall,2017-10-01T03:01:17Z,6,6,Go,True,True,
davecheney,davecheney/benchgogs,2016-03-31T23:38:59Z,2,2,Go,True,True,
davecheney,davecheney/benchjuju,2016-03-07T22:34:39Z,7,7,Go,True,True,
davecheney,davecheney/benchkube,2016-03-08T07:26:18Z,1,1,Go,True,True,
davecheney,davecheney/benchmark,2010-01-29T05:59:15Z,3,3,Java,True,True,
davecheney,davecheney/bfk,2013-07-18T05:00:08Z,1,1,Go,True,True,
davecheney,davecheney/buspirate,2014-08-27T10:45:29Z,4,4,Go,True,True,bsd-2-clause
davecheney,davecheney/calendar,2010-01-13T09:33:41Z,5,5,Java,True,True,
davecheney,davecheney/canberra-gophers,2014-08-12T01:03:00Z,2,2,Go,True,True,
davecheney,davecheney/ccode,2013-09-07T01:55:31Z,31,31,Go,True,True,
davecheney,davecheney/cheney-base-pom,2010-01-14T09:34:29Z,2,2,,True,True,
davecheney,davecheney/cocktail,2010-04-18T04:59:37Z,3,3,Java,True,True,
davecheney,davecheney/code,2014-05-24T01:44:45Z,1,1,Go,True,True,
davecheney,davecheney/conflux,2014-01-06T23:05:40Z,3,3,Go,True,True,gpl-3.0
davecheney,davecheney/contour,2017-10-31T06:22:59Z,3,3,Go,True,True,apache-2.0
davecheney,davecheney/copilot-docs,2022-06-03T02:36:14Z,6,6,,True,False,cc-by-4.0
davecheney,davecheney/cpp11,2014-09-02T11:19:42Z,22,22,C++,True,True,
davecheney,davecheney/crawl-e,2013-08-03T12:42:37Z,4,4,Go,True,True,
davecheney,davecheney/dbus,2012-07-15T04:35:42Z,4,4,Go,True,True,mit
davecheney,davecheney/dbus-old,2012-05-13T01:02:09Z,5,5,Go,True,True,
davecheney,davecheney/dep-k8s-example,2017-10-13T04:21:40Z,3,3,Go,True,True,
davecheney,davecheney/divmod,2012-06-02T01:28:07Z,4,4,Assembly,True,True,
davecheney,davecheney/dotfiles,2020-05-08T00:12:00Z,22,22,Makefile,True,True,
davecheney,davecheney/env,2014-11-28T02:05:42Z,3,3,Go,True,True,
davecheney,davecheney/errgo,2014-05-15T22:57:15Z,2,2,Go,True,True,
davecheney,davecheney/essessaich,2011-10-03T09:09:46Z,10,10,Go,True,True,
davecheney,davecheney/exposure-notifications-server,2020-05-21T05:28:09Z,3,3,,True,False,apache-2.0
davecheney,davecheney/extjs-crud-grid,2010-03-24T06:46:31Z,3,3,JavaScript,True,True,
davecheney,davecheney/fastroute,2017-05-21T12:35:16Z,7,7,Go,True,True,other
davecheney,davecheney/faux,2013-11-07T02:21:10Z,7,7,Go,True,True,bsd-3-clause
davecheney,davecheney/fib,2013-06-09T02:12:53Z,31,31,Go,True,True,
davecheney,davecheney/fineline,2012-07-12T11:45:36Z,4,4,Go,True,True,bsd-3-clause
davecheney,davecheney/fork,2010-11-06T02:35:41Z,6,6,Go,True,True,
davecheney,davecheney/fs,2013-11-06T22:17:00Z,3,3,Go,True,True,bsd-3-clause
davecheney,davecheney/fswatch,2012-12-28T10:22:22Z,11,11,Go,True,True,bsd-3-clause
davecheney,davecheney/gablog,2013-07-11T09:27:31Z,1,1,CSS,True,True,bsd-3-clause
davecheney,davecheney/gcvis,2014-07-10T12:34:07Z,1099,1099,Go,False,False,bsd-2-clause
davecheney,davecheney/genpkg,2016-03-09T09:14:19Z,7,7,Go,True,True,
davecheney,davecheney/gitdav,2016-10-22T06:39:55Z,12,12,Go,True,True,mit
davecheney,davecheney/gitdm,2022-02-25T05:37:43Z,4,4,,True,True,
davecheney,davecheney/gmx,2012-02-02T08:31:25Z,258,258,Go,True,True,bsd-2-clause
davecheney,davecheney/go-1,2015-01-11T03:38:15Z,1,1,Go,True,True,bsd-3-clause
davecheney,davecheney/go-1.8-release-party,2017-01-04T09:33:34Z,17,17,Go,True,True,
davecheney,davecheney/go-1.9-release-party,2017-08-05T02:08:08Z,16,16,,True,True,
davecheney,davecheney/go-control-plane,2018-01-29T05:20:26Z,3,3,Go,True,True,apache-2.0
davecheney,davecheney/go-eject,2013-12-19T08:20:09Z,1,1,Go,True,True,
davecheney,davecheney/go-gb,2012-01-26T06:07:56Z,6,6,Go,True,True,
davecheney,davecheney/go-imap,2012-07-07T12:04:17Z,8,8,Go,True,True,
davecheney,davecheney/Go-PerfEvents,2012-09-18T22:31:05Z,5,5,Go,True,True,
davecheney,davecheney/Go-SDL,2012-09-18T22:53:50Z,1,1,Go,True,True,
davecheney,davecheney/gobot,2010-10-03T03:32:04Z,5,5,Go,True,True,
davecheney,davecheney/goconfig,2011-05-16T22:50:59Z,4,4,Go,True,True,other
davecheney,davecheney/gocov,2013-01-05T11:37:10Z,3,3,Go,True,True,mit
davecheney,davecheney/godav,2011-04-03T07:22:59Z,2,2,,True,True,
davecheney,davecheney/godns,2012-01-26T02:04:10Z,7,7,Go,True,True,other
davecheney,davecheney/godoc2md,2013-12-14T02:34:59Z,492,492,Go,False,False,bsd-3-clause
davecheney,davecheney/godot,2012-07-29T14:09:34Z,7,7,,True,True,
davecheney,davecheney/gogo,2013-04-06T06:47:40Z,25,25,Go,True,True,bsd-2-clause
davecheney,davecheney/goirc,2010-10-21T10:43:15Z,4,4,Go,True,True,
davecheney,davecheney/golang-crosscompile,2012-09-08T01:23:54Z,479,479,,False,False,bsd-3-clause
davecheney,davecheney/golang-gocov,2013-01-19T10:29:47Z,1,1,Shell,True,True,
davecheney,davecheney/GoMySQL,2012-07-08T10:59:12Z,7,7,Go,True,False,other
davecheney,davecheney/goparts,2011-01-15T02:07:33Z,3,3,Go,True,True,
davecheney,davecheney/gophercon2018-performance-tuning-workshop,2018-08-15T10:26:18Z,933,933,Go,True,True,
davecheney,davecheney/gopherconindia-2015-talks,2015-02-23T20:49:28Z,2,2,,True,True,
davecheney,davecheney/gosf,2013-05-03T06:05:40Z,2,2,Go,True,True,
davecheney,davecheney/gosyd,2013-07-11T06:45:59Z,4,4,Go,True,True,
davecheney,davecheney/goty,2010-10-21T10:38:10Z,4,4,Go,True,True,
davecheney,davecheney/gpio,2013-07-21T21:54:57Z,227,227,Go,True,True,bsd-2-clause
davecheney,davecheney/graphpkg,2012-08-05T10:30:41Z,94,94,Go,True,True,
davecheney,davecheney/high-performance-go-workshop,2016-07-06T01:41:15Z,803,803,Go,True,True,
davecheney,davecheney/http,2014-10-24T08:31:48Z,2,2,,True,True,bsd-3-clause
davecheney,davecheney/http-over-ssh-example,2012-04-15T05:11:18Z,8,8,Go,True,True,
davecheney,davecheney/httpclient,2009-10-06T12:22:42Z,2,2,Java,True,True,
davecheney,davecheney/httpstat,2016-09-23T09:40:41Z,7053,7053,Go,True,False,mit
davecheney,davecheney/httpx,2011-01-22T03:07:21Z,3,3,Go,True,True,
davecheney,davecheney/i2c,2014-07-29T12:15:13Z,63,63,Go,True,True,bsd-2-clause
davecheney,davecheney/iduino,2014-05-10T03:46:06Z,7,7,Arduino,True,True,
davecheney,davecheney/introduction-to-go,2016-11-04T01:45:09Z,88,88,Go,True,True,
davecheney,davecheney/ir2proxy,2019-11-29T00:21:27Z,2,2,,True,True,apache-2.0
davecheney,davecheney/irc,2011-02-28T04:56:33Z,3,3,Go,True,True,
davecheney,davecheney/issue44129,2021-03-02T05:56:53Z,6,6,Go,True,True,
davecheney,davecheney/ix,2013-11-24T09:34:42Z,6,6,CSS,True,True,
davecheney,davecheney/landscape,2011-04-27T12:49:11Z,3,3,Shell,True,True,
davecheney,davecheney/loadavg,2013-06-19T23:49:07Z,7,7,Go,True,True,bsd-2-clause
davecheney,davecheney/loggo,2015-05-27T03:54:52Z,5,5,Go,True,True,other
davecheney,davecheney/macemu,2020-10-03T10:07:29Z,4,4,,True,True,
davecheney,davecheney/mach,2010-10-18T09:36:56Z,3,3,,True,True,
davecheney,davecheney/make-gdc-apple,2008-06-15T15:02:23Z,3,3,,True,True,
davecheney,davecheney/manhattan,2010-06-20T06:00:41Z,2,2,Java,True,True,
davecheney,davecheney/manta,2013-11-13T08:35:18Z,19,19,Go,True,True,bsd-2-clause
davecheney,davecheney/martini-contrib,2013-11-28T00:41:36Z,1,1,Go,True,True,mit
davecheney,davecheney/mdns,2011-08-19T12:59:46Z,194,194,Go,True,True,bsd-2-clause
davecheney,davecheney/mdns-java,2009-01-16T09:54:32Z,20,20,Java,True,True,
davecheney,davecheney/mdns-test,2011-02-18T23:33:31Z,17,17,Go,True,True,
davecheney,davecheney/mega6502,2014-12-19T12:51:16Z,23,23,C,True,True,mit
davecheney,davecheney/metric.go,2010-10-16T01:26:43Z,2,2,,True,True,
davecheney,davecheney/minilisp,2015-04-24T07:44:12Z,2,2,C,True,True,
davecheney,davecheney/minimacplus,2021-03-21T10:32:43Z,5,5,C,True,True,
davecheney,davecheney/motown,2009-12-26T02:41:38Z,3,3,Java,True,True,
davecheney,davecheney/mysql,2011-04-08T11:00:01Z,2,2,,True,True,
davecheney,davecheney/ncsa,2011-02-28T09:23:29Z,4,4,Go,True,True,
davecheney,davecheney/net,2022-06-19T23:06:33Z,4,4,,True,False,bsd-3-clause
davecheney,davecheney/nfs,2011-12-28T08:18:36Z,72,72,Go,True,True,bsd-2-clause
davecheney,davecheney/nntp,2012-07-07T11:36:48Z,5,5,Go,True,True,other
davecheney,davecheney/oakland,2008-11-10T10:29:15Z,7,7,Java,True,True,
davecheney,davecheney/p,2016-10-11T12:05:11Z,19,19,Go,True,True,
davecheney,davecheney/partyline,2014-09-04T01:40:44Z,19,19,Go,True,True,bsd-2-clause
davecheney,davecheney/pc,2017-01-31T10:02:33Z,7,7,Go,True,True,
davecheney,davecheney/pcap,2011-05-08T06:09:30Z,27,27,Go,True,True,
davecheney,davecheney/pidp11,2024-02-19T01:59:45Z,2,2,C,True,True,
davecheney,davecheney/planetgolang,2013-12-13T11:25:56Z,4,4,Go,True,True,bsd-3-clause
davecheney,davecheney/plex,2011-04-03T01:59:11Z,2,2,,True,True,
davecheney,davecheney/poller,2013-09-08T04:46:12Z,5,5,Go,True,True,bsd-2-clause
davecheney,davecheney/poxy,2011-01-30T11:13:58Z,3,3,Go,True,True,
davecheney,davecheney/prdeps,2016-02-29T03:28:01Z,42,42,Go,True,True,mit
davecheney,davecheney/presentations,2014-10-11T09:10:24Z,135,135,Go,True,False,
davecheney,davecheney/pub,2022-11-21T05:05:18Z,235,235,Go,False,False,bsd-3-clause
davecheney,davecheney/qconsf-2017,2017-11-10T10:12:44Z,39,39,,False,False,
davecheney,davecheney/reactor,2009-10-19T10:46:52Z,10,10,Java,True,True,
davecheney,davecheney/reader,2013-08-26T06:25:02Z,8,8,Go,True,True,bsd-2-clause
davecheney,davecheney/rev,2009-10-12T09:58:33Z,4,4,Java,True,True,
davecheney,davecheney/rpi,2013-02-23T10:40:23Z,11,11,Go,True,True,other
davecheney,davecheney/rsync,2012-08-02T05:22:50Z,6,6,Go,True,True,
davecheney,davecheney/serial,2013-09-01T23:32:42Z,2,2,,True,True,
davecheney,davecheney/simh,2024-01-16T11:43:14Z,1,1,,True,True,other
davecheney,davecheney/sketches,2013-09-18T10:52:59Z,1,1,Arduino,True,True,bsd-2-clause
davecheney,davecheney/sn7400-uno-tester,2014-12-08T05:02:43Z,1,1,C++,True,True,mit
davecheney,davecheney/snax,2009-10-07T13:51:28Z,2,2,Java,True,True,
davecheney,davecheney/snmp,2010-10-23T05:34:24Z,16,16,Go,True,True,
davecheney,davecheney/socksie,2012-05-15T02:49:53Z,93,93,Go,True,True,bsd-2-clause
davecheney,davecheney/spreadsheet,2020-07-17T12:16:43Z,10,10,,True,True,mit
davecheney,davecheney/ssh,2011-11-06T02:40:19Z,4,4,Go,True,True,bsd-3-clause
davecheney,davecheney/sshsmash,2012-08-26T07:16:54Z,2,2,,True,True,
davecheney,davecheney/sxtl,2010-03-18T09:40:41Z,2,2,Java,True,True,
davecheney,davecheney/talks,2015-02-24T11:27:49Z,2,2,,True,True,
davecheney,davecheney/terraform-provider-azurerm,2022-08-11T02:26:35Z,3,3,,True,False,mpl-2.0
davecheney,davecheney/the-zen-of-go,2020-01-09T08:08:18Z,244,244,HTML,False,False,
davecheney,davecheney/trng,2014-10-31T10:19:55Z,10,10,Go,True,True,bsd-2-clause
davecheney,davecheney/tzfetch,2013-01-25T10:44:48Z,3,3,Go,True,True,agpl-3.0
davecheney,davecheney/understanding-the-execution-tracer,2017-09-03T09:09:44Z,90,90,,False,False,
davecheney,davecheney/unity,2012-07-15T05:25:21Z,2,2,,True,True,
davecheney,davecheney/unix,2024-01-09T03:37:11Z,1,1,,True,False,bsd-3-clause
davecheney,davecheney/vfs,2011-04-08T10:58:54Z,2,2,,True,True,
davecheney,davecheney/vorpal,2011-11-13T00:19:10Z,2,2,,True,True,
davecheney,davecheney/webdav-server,2010-03-31T21:34:29Z,2,2,Java,True,True,
davecheney,davecheney/websomtep,2012-04-26T11:19:19Z,3,3,Go,True,True,
davecheney,davecheney/whitespace,2020-06-24T04:05:22Z,17,17,Go,True,True,
davecheney,davecheney/womenofthejazzage,2011-03-06T04:36:22Z,2,2,Ruby,True,True,
davecheney,davecheney/xattr,2011-03-09T01:55:13Z,27,27,Go,True,True,bsd-2-clause
davecheney,davecheney/xml,2013-12-24T06:17:50Z,3,3,Go,True,True,bsd-2-clause
davecheney,davecheney/xmpp,2011-09-22T08:42:40Z,3,3,,True,True,
davecheney,davecheney/zuul,2012-08-04T02:49:59Z,4,4,Go,True,True,
